athlete_id,counts
24737,1
1639875,95
8970899,1
178181,1
3171623,1
3539975,3
554281,2
11491354,2
3049643,2
227795,1
5255567,2
3439312,1
15330728,2
3445555,3
2385652,1
2961486,2
317097,4
1683567,1
4803579,1
4194046,1
768399,1
10239780,2
7170149,1
13675211,1
10441589,2
3505256,1
43273,2
3797018,1
1498603,3
7360157,1
1059317,1
7193870,1
1907523,3
130501,2
2807545,1
237916,3
1774587,1
3917036,1
13406445,1
4082830,1
1139855,2
1090016,3
6500,2
5724373,2
176983,1
180613,3
2601909,5
4562383,1
1166475,2
7325,6
3114365,2
14709064,1
5804019,3
431174,2
1478007,4
2743368,1
1946457,1
141647,3
5147788,1
856271,2
6074832,3
3245969,2
1619378,2
762901,1
11652503,1
759,2
7019708,3
1623501,3
4206,1
1325221,1
573426,1
1055910,7
3291222,1
4746663,1
11351242,1
2822682,2
1036829,2
7917853,1
11905389,1
1948607,2
12110944,1
4726000,1
6194,1
2751221,1
12142519,3
127224,1
163369,1
1536167,1
390190,1
1695807,3
3379,4
4253842,2
14550868,1
4317221,1
122983,1
4567225,1
6654442,3
83282,1
7581458,4
1886541,1
10370865,1
4714516,1
3079047,1
1381399,2
2538457,1
2132474,1
134807,1
1287436,2
406973,1
3976016,1
4547,3
7532948,1
299558,1
5766523,2
7297544,2
7099274,1
12270555,1
3075069,2
460383,1
8438368,1
1701521,1
1291908,2
2834897,1
3991993,1
1267723,1
6263436,1
2363038,1
1752953,1
1354031,1
159003,1
6411189,1
8974888,1
971193,2
274885,1
7121755,1
119630,1
4870741,1
3174784,1
2893379,2
1180745,1
6966215,1
3312167,1
1595643,4
322523,2
423200,1
11017986,2
164644,1
1429189,1
603735,1
8128696,1
6401370,1
566926,1
302383,1
5586304,1
294257,2
2106451,1
264180,1
75493,1
1535,1
2740969,1
5856670,1
2199551,1
10638417,1
6989907,1
157300,2
13717077,2
4201,1
3074244,1
1785499,2
7099795,1
8524673,1
6345572,2
1059572,2
10750533,2
439895,4
2028620,6
6631631,2
7212547,1
1163137,2
9124420,2
3809972,1
10599,1
1735545,1
3965882,1
815499,1
813,2
885393,1
305077,1
2053968,1
767241,1
1478361,1
3706378,5
1760501,1
3272591,1
1744769,1
4042263,1
181304,1
11439594,1
311089,1
2039594,1
2792526,1
11365968,1
1772946,1
1286023,1
13089499,1
10323927,1
1913097,3
11154650,1
166271,1
2050605,1
3334321,1
3624978,2
2406516,1
6328759,2
5364019,1
632436,2
3001450,1
13248866,1
607023,1
2323856,2
4902244,4
14450047,1
2202121,3
3123735,1
6757324,1
2938295,1
999932,1
100431,1
2149840,3
13688465,2
369362,2
1420163,2
1628398,2
4067107,2
6483547,1
7421774,1
117763,5
1788212,3
1940997,1
8439942,1
978647,1
2527706,1
263323,4
6451258,2
6727610,3
1152767,1
232497,1
1707211,1
74262,1
265720,1
1763812,1
7459181,1
7811579,1
15915040,2
1375009,1
3331874,1
2359642,1
63664,2
6452701,1
2852559,2
3442365,1
9942801,2
1790050,1
1627347,1
6718676,4
73973,3
6614006,1
306855,2
2800728,1
8077546,1
4406515,2
5204682,2
8584955,4
313948,2
16778590,1
7476159,1
305171,2
4273330,3
9756242,2
128900,2
10630803,2
6425,2
4396636,2
1168338,2
5572509,2
7296,2
4039408,1
3232034,3
1826836,1
1418061,2
169556,1
1125715,2
552157,1
9269902,1
1374691,1
1675392,1
276257,1
3333314,1
1140612,2
6756555,3
368200,2
10950043,2
2191132,2
2276174,1
356491,3
7808,1
189776,1
367937,1
1098657,1
2308208,1
4698522,1
3975710,1
11399377,1
388160,2
1755997,1
3977096,1
16250,1
10306682,1
7291421,1
2465149,1
610045,3
1830795,1
865445,1
2942350,1
6765831,1
4895450,1
2419051,1
3547340,1
1889226,1
1983632,2
1792081,2
1554759,3
3030170,2
1885579,1
10431468,3
9841358,3
78000,1
2183824,1
367941,2
2974104,2
7656735,3
7895500,1
691989,2
1257683,1
2445607,2
1095274,4
153931,1
512391,1
7422141,1
1126350,1
576688,1
6467397,1
4123687,2
2910952,1
959933,1
173856,1
2545041,2
1571,1
1828673,4
67880,2
389161,3
1134749,1
1193839,1
11261456,1
1110913,1
3764852,1
73635,3
4396052,1
1197129,1
7005860,2
10858932,1
3133340,1
1867649,1
4584514,1
791332,1
7913909,1
3188361,1
2532199,1
1041789,1
7415112,1
550641,2
4945106,1
11020632,1
4316650,2
416549,3
132073,1
261816,3
4793,1
1176668,3
489333,1
3850696,1
1128919,1
10302748,1
6496211,2
52889,1
11937,1
1826951,2
773864,1
2162636,1
902913,3
6844916,2
1840470,1
306582,2
5203912,1
3930106,1
206866,2
2747251,1
1061806,1
4031700,1
7735851,1
2673746,2
2149310,1
5833361,1
1361189,1
619878,1
1329,1
70792,1
8736410,1
1770060,2
100689,1
13586293,1
2156937,3
1677718,1
1963145,2
2677839,1
12993820,1
967327,1
14600926,1
1521689,1
2183129,1
1252075,1
116812,1
2504621,1
992910,2
1444677,1
10507089,1
6077202,1
1340323,1
2588436,1
1107534,1
12600,1
5915482,1
982877,2
11075573,1
2676242,1
1438759,1
183784,1
1177549,2
155831,1
3282301,1
2607997,1
5398280,1
8636949,1
12059249,1
167466,1
10775563,1
169868,1
1872481,1
1056771,1
1711957,4
6429102,2
10989536,1
138050,1
9788758,1
5455155,1
595867,2
5074380,2
539138,1
7036996,1
3435126,1
71849,1
6986,1
8228635,1
3713916,1
3469567,1
14173077,1
2593755,1
13765035,1
3304347,1
309431,1
7622450,2
10261159,2
4247463,1
4395659,1
7515773,3
282192,1
284944,1
139810,1
13838865,1
1676921,1
10792899,1
11204351,1
102931,1
1757945,1
1524617,1
2971443,1
571539,1
7811045,1
675959,1
2129544,1
2301129,1
15913915,1
2757564,1
2485981,1
674453,1
2734758,1
7834263,1
10032106,1
8257420,1
5160989,1
1231794,1
249813,1
2381833,1
1939241,1
177868,1
2679885,1
6896,2
2370645,1
476390,2
4747576,1
651001,1
1787948,1
1708963,1
10295628,1
1727743,2
2169216,1
142720,1
181890,1
1767333,1
12881536,1
1931694,1
3508018,1
1687462,1
64198,1
3529475,1
6124,1
5225420,1
403471,1
274548,2
190102,1
72811,1
578140,1
14215439,1
3934153,1
7349257,1
7119142,1
4056855,1
5174570,2
1052005,1
1869067,1
165916,1
4937373,1
1094656,1
10238576,1
1319173,3
276150,1
112985,1
360794,1
10140091,1
405375,4
1389377,1
2289955,1
1648708,1
185806,1
315007,1
356573,1
6876831,1
1410945,1
170914,1
1435481,1
2726876,1
4916499,2
3108365,1
2244222,1
277304,1
699602,1
1013045,1
1774074,1
550177,1
2267794,1
373886,2
6702370,1
1106901,1
9445133,1
5766644,1
4352582,1
705723,1
570621,1
2528129,1
2416771,1
2363559,1
532345,1
181997,1
175164,1
9865792,1
6541155,1
2729268,1
384885,1
1417603,1
4248219,1
1031772,1
2159389,1
66559,1
11615792,2
6138507,1
745749,1
326086,1
3062214,1
1131961,1
904699,1
65900,1
10151117,1
5033905,1
3298883,1
3850161,1
742473,1
5949015,1
3810121,1
4279763,1
920155,1
3962268,1
4122974,1
1622640,1
1319158,2
10784967,1
254060,2
70732,1
4238545,1
2599786,2
3275546,1
3726000,1
2374712,1
248628,1
4898582,1
185400,1
2735160,1
834553,1
1776938,1
3451771,1
2580864,1
13279185,1
9902354,1
263777,1
282172,1
163986,1
2086367,1
5644096,1
3136084,1
3081190,1
10380407,1
2544571,1
6086798,1
1481343,1
1187728,1
5319940,1
221957,1
11676584,1
1917443,1
1487201,1
11958905,1
4999993,1
2000272,1
7768399,1
147938,1
3619012,1
2319863,1
3451082,2
6153175,1
3292442,1
99490,1
1747923,1
1134948,1
7107374,1
1143678,1
5897624,1
3772355,1
